baseline,true,0,2295468,1125546,134778,324799,3880591
update-0,false,0,17908,565863,139860,538574,1262205
update-1,false,0,16371,695256,129239,462636,1303502
update-2,false,0,79937,742635,188520,508702,1519794
update-3,false,0,26214,8938062,93543,477507,9535326
update-4,false,0,17385,562094,93961,655407,1328847
update-5,false,0,17700,567906,91076,513090,1189772
update-6,false,0,16880,326243,65887,364786,773796
update-7,false,0,13505,349425,64779,458571,886280
update-8,false,0,12337,1820590,152467,313753,2299147
update-9,false,0,13641,303084,147283,371807,835815
update-10,false,0,12795,557474,64564,310266,945099
update-11,false,0,10743,313134,55540,735655,1115072
update-12,false,0,48670,334852,979081,475830,1838433
update-13,false,0,17029,742909,77734,575205,1412877
update-14,false,0,155832,505390,276867,344486,1282575
update-15,false,0,28845,448638,154553,1127155,1759191
update-16,false,0,14385,1123443,82955,594724,1815507
update-17,false,0,13586,604265,202506,527098,1347455
update-18,false,0,23281,527732,81827,375035,1007875
update-19,false,0,11691,576466,66971,390085,1045213
update-20,false,0,9475,628153,71450,452725,1161803
update-21,false,0,14500,590095,81374,434952,1120921
update-22,false,0,58821,666856,92775,481608,1300060
update-23,false,0,19877,771758,101055,439891,1332581
update-24,false,0,18224,871211,86472,486355,1462262
update-25,false,0,599398,794984,98904,521754,2015040
update-26,false,0,20160,554656,83869,484517,1143202
update-27,false,0,21064,831772,105073,665618,1623527
update-28,false,0,56630,725013,94609,577759,1454011
update-29,false,0,20793,572291,89251,464994,1147329
update-30,false,0,20390,642536,88969,446743,1198638
update-31,false,0,16490,581743,82785,443873,1124891
update-32,false,0,19474,880636,82094,513178,1495382
update-33,false,0,20037,1028887,93526,595877,1738327
update-34,false,0,19459,1455531,92112,501528,2068630
update-35,false,0,20007,929323,139407,489279,1578016
update-36,false,0,17344,805231,137893,478996,1439464
update-37,false,0,16070,1083452,92127,502462,1694111
update-38,false,0,17325,980310,151308,561583,1710526
update-39,false,0,16133,965175,94997,436408,1512713
update-40,false,0,15206,745613,82258,436872,1279949
update-41,false,0,15092,844172,96310,465585,1421159
update-42,false,0,12620,1008648,101339,773165,1895772
update-43,false,0,15875,803234,85774,424752,1329635
update-44,false,0,13590,898207,83082,430843,1425722
update-45,false,0,10808,350031,51515,310761,723115
update-46,false,0,8709,275944,171600,821109,1277362
update-47,false,0,12486,496691,78827,438856,1026860
update-48,false,0,13755,454921,88204,431205,988085
update-49,false,0,13168,6065515,88478,315683,6482844
update-50,false,0,10221,282164,42957,1073278,1408620
update-51,false,0,8409,275554,173708,269567,727238
update-52,false,0,9371,282558,42891,83280,418100
update-53,false,0,7375,332725,40393,80522,461015
update-54,false,0,6358,270421,36348,74837,387964
update-55,false,0,6544,265699,35938,76814,384995
update-56,false,0,8581,641158,51144,78115,778998
update-57,false,0,9288,274431,39661,75473,398853
update-58,false,0,6103,268164,36329,74208,384804
update-59,false,0,6194,1276139,162426,1046549,2491308
update-60,false,0,8548,550343,42807,108759,710457
update-61,false,0,7088,261191,38481,72495,379255
update-62,false,0,9170,279097,37327,77121,402715
update-63,false,0,8028,314946,37804,146851,507629
session-end,false,0,4911,646394,195396,82554,929255
