baseline,true,0,171559,97053,9898,17852,296362
update-0,false,1,64309,110273,11826,27505,213913
update-1,false,1,46029,108332,9700,24337,188398
update-2,false,1,48931,102042,10292,25044,186309
update-3,false,1,45168,68955,8601,24089,146813
update-4,false,1,45565,70467,8343,24754,149129
update-5,false,1,51145,137486,10808,26404,225843
update-6,false,1,48706,68517,8657,24232,150112
update-7,false,1,43537,65830,7712,23173,140252
update-8,false,1,162629,87080,12232,25617,287558
update-9,false,1,41953,66298,7668,31862,147781
update-10,false,1,57011,466874,16239,30273,570397
update-11,false,1,49529,71876,8906,23360,153671
update-12,false,1,42669,63566,8274,23646,138155
update-13,false,1,180149,69505,40370,61878,351902
update-14,false,1,50467,71366,7085,25648,154566
update-15,false,1,51262,66127,6226,26700,150315
update-16,false,1,44574,103705,5563,31063,184905
update-17,false,1,53283,69891,5279,25541,153994
update-18,false,1,49172,64848,4773,25843,144636
update-19,false,1,46816,65064,4126,24247,140253
update-20,false,1,46151,196024,7922,28273,278370
update-21,false,1,46976,64036,4526,24635,140173
update-22,false,1,43487,61603,3761,24290,133141
update-23,false,1,41511,60738,3558,22998,128805
update-24,false,1,47821,95318,5833,24316,173288
update-25,false,1,52302,131809,7386,25837,217334
update-26,false,1,153705,84688,5156,25048,268597
update-27,false,1,43986,94881,4383,25158,168408
update-28,false,1,46257,77714,5807,26959,156737
update-29,false,1,171768,73543,8885,31841,286037
update-30,false,1,58473,76125,72178,31984,238760
update-31,false,1,43269,189282,6662,27372,266585
update-32,false,1,44287,125252,6585,30329,206453
update-33,false,1,44109,74798,3908,169741,292556
update-34,false,1,50131,74014,6662,25892,156699
update-35,false,1,41995,72976,4121,26950,146042
update-36,false,1,44852,110476,5286,45922,206536
update-37,false,1,76276,116835,5858,35796,234765
update-38,false,1,57169,77320,6832,25914,167235
update-39,false,1,44706,71640,4152,27662,148160
update-40,false,1,43987,76535,4778,26140,151440
update-41,false,1,41323,71628,3904,25054,141909
update-42,false,1,49256,76105,6405,28079,159845
update-43,false,1,74571,86422,6846,29060,196899
update-44,false,1,67261,119208,7752,36037,230258
update-45,false,1,56140,99800,5654,28886,190480
update-46,false,1,61814,89035,6284,30927,188060
update-47,false,1,48224,72327,4668,23993,149212
update-48,false,1,42519,74138,4034,23926,144617
update-49,false,1,48286,72090,4188,24280,148844
update-50,false,1,46824,107278,4157,24731,182990
update-51,false,1,79109,74081,4824,26375,184389
update-52,false,1,53235,76588,6819,25793,162435
update-53,false,1,63145,84088,5731,306547,459511
update-54,false,1,59688,89999,4711,56644,211042
update-55,false,1,41599,67145,3818,23603,136165
update-56,false,1,55625,70937,7021,90262,223845
update-57,false,1,52443,73373,6868,25375,158059
update-58,false,1,50128,85177,4492,25764,165561
update-59,false,1,46567,74140,5520,24227,150454
update-60,false,1,50003,70023,6138,25001,151165
update-61,false,1,50013,70816,17714,25186,163729
update-62,false,1,44810,83525,5300,26305,159940
update-63,false,1,45704,68324,3820,24935,142783
session-end,false,0,6083,85546,3790,24348,119767
