workload,iteration,operations,wall_ns,allocated_bytes
setter,0,8192,400592,0
setter,1,8192,304774,0
setter,2,8192,855749,0
setter,3,8192,603830,0
setter,4,8192,369622,0
setter,5,8192,327582,0
setter,6,8192,570612,0
setter,7,8192,559085,0
setter,8,8192,304095,0
setter,9,8192,333389,0
setter,10,8192,279491,0
setter,11,8192,462943,0
setter,12,8192,357453,0
setter,13,8192,651907,0
setter,14,8192,493972,0
setter,15,8192,643379,0
setter,16,8192,1287324,0
setter,17,8192,390913,0
setter,18,8192,332052,0
setter,19,8192,338174,0
setter,20,8192,277167,0
setter,21,8192,467403,0
setter,22,8192,354679,0
setter,23,8192,444224,0
setter,24,8192,440979,0
setter,25,8192,368836,0
setter,26,8192,277201,0
setter,27,8192,584147,0
setter,28,8192,344151,0
setter,29,8192,277976,0
setter,30,8192,437929,0
setter,31,8192,526163,0
export,0,16,10698,0
export,1,16,10703,0
export,2,16,10576,0
export,3,16,10897,0
export,4,16,10612,0
export,5,16,10952,0
export,6,16,11620,0
export,7,16,242391,0
export,8,16,11438,0
export,9,16,19134,0
export,10,16,9107,0
export,11,16,9177,0
export,12,16,9208,0
export,13,16,9057,0
export,14,16,9244,0
export,15,16,9234,0
export,16,16,8989,0
export,17,16,9069,0
export,18,16,8919,0
export,19,16,9092,0
export,20,16,117244,0
export,21,16,9412,0
export,22,16,9206,0
export,23,16,9064,0
export,24,16,8885,0
export,25,16,9039,0
export,26,16,9138,0
export,27,16,9042,0
export,28,16,9099,0
export,29,16,9033,0
export,30,16,9114,0
export,31,16,9020,0
