iteration,first,old_ns,memo_ns,old_allocated_bytes,memo_allocated_bytes
0,old,477724,245923,44568,23232
1,memo,395168,329460,44568,23232
2,old,472251,824733,44568,23232
3,memo,192450,131340,44568,23232
4,old,367648,103532,44568,23232
5,memo,175957,153950,44568,23232
6,old,177334,93993,44568,23232
7,memo,224967,438392,44568,23232
8,old,213916,89635,44568,23232
9,memo,11941565,215719,44568,23232
10,old,399821,91927,44568,23232
11,memo,739699,102781,44568,23232
12,old,325380,97288,44568,23232
13,memo,157930,92494,44568,23232
14,old,156629,76256,44568,23232
15,memo,213699,86502,44568,23232
16,old,146617,64070,44568,23232
17,memo,119770,90616,44568,23232
18,old,173965,79801,44568,23232
19,memo,69241,45974,44568,23232
20,old,81454,41121,44568,23232
21,memo,67039,39301,44568,23232
22,old,75858,38609,44568,23232
23,memo,67329,43329,44568,23232
24,old,85960,37899,44568,23232
25,memo,67407,38679,44568,23232
26,old,68415,37126,44568,23232
27,memo,67208,40108,44568,23232
28,old,124458,67169,44568,23232
29,memo,554013,73364,44568,23232
30,old,125990,64960,44568,23232
31,memo,120487,126913,44568,23232
32,old,80418,47231,44568,23232
33,memo,77244,49518,44568,23232
34,old,84503,123495,44568,23232
35,memo,85178,53399,44568,23232
36,old,84394,47992,44568,23232
37,memo,83675,49333,44568,23232
38,old,110277,44446,44568,23232
39,memo,82104,92317,44568,23232
40,old,93406,49411,44568,23232
41,memo,251790,536720,44568,23232
42,old,94083,42305,44568,23232
43,memo,177775,69947,44568,23232
44,old,90850,45297,44568,23232
45,memo,83335,50895,44568,23232
46,old,91944,42614,44568,23232
47,memo,75662,46795,44568,23232
48,old,131554,49082,44568,23232
49,memo,78574,44118,44568,23232
50,old,72162,36422,44568,23232
51,memo,65953,45708,44568,23232
52,old,72759,43425,44568,23232
53,memo,83110,48152,44568,23232
54,old,89265,42543,44568,23232
55,memo,83203,49080,44568,23232
56,old,212772,49235,44568,23232
57,memo,92142,52882,44568,23232
58,old,79669,42756,44568,23232
59,memo,69245,45892,44568,23232
60,old,126107,42748,44568,23232
61,memo,84125,67880,44568,23232
62,old,85091,42978,44568,23232
63,memo,45590,25764,44568,23232
