iteration,first,old_wall_ns,memo_wall_ns,old_allocated_bytes,memo_allocated_bytes
0,old,198552,97563,62624,44960
1,memo,148089,87960,62592,44928
2,old,126336,161938,62592,44928
3,memo,113217,98174,62592,44928
4,old,106798,127818,62592,44928
5,memo,101209,95310,62592,44928
6,old,97724,84284,62592,44928
7,memo,100097,111064,62592,44928
8,old,214957,81761,62672,45008
9,memo,102381,229248,62672,45008
10,old,140026,148348,62600,44936
11,memo,234535,177742,62600,44936
12,old,117203,147838,62600,44936
13,memo,156721,134849,62704,45040
14,old,98775,143541,62704,45040
15,memo,188388,193445,62600,44936
16,old,190580,119607,62600,44936
17,memo,134958,86157,62600,44936
18,old,105034,74059,62600,44936
19,memo,91925,71596,62600,44936
20,old,341543,76052,62752,45088
21,memo,88360,70073,62752,45088
22,old,127488,89192,62600,44936
23,memo,579864,401762,62600,44936
24,old,255486,156270,62600,44936
25,memo,138373,104133,62600,44936
26,old,114548,84565,62600,44936
27,memo,305841,80899,62600,44936
28,old,134368,103152,62600,44936
29,memo,122571,140327,62600,44936
30,old,109742,97444,62600,44936
31,memo,273313,147767,62816,45152
32,old,116792,89131,62816,45152
33,memo,107188,112135,62600,44936
34,old,195919,89342,62600,44936
35,memo,108149,95521,62600,44936
36,old,116481,83493,62600,44936
37,memo,178793,105996,62600,44936
38,old,599322,90243,62600,44936
39,memo,111745,83733,62600,44936
40,old,107728,191582,62600,44936
41,memo,494388,248642,62600,44936
42,old,424335,186215,62600,44936
43,memo,400460,282365,62600,44936
44,old,484674,116522,62600,44936
45,memo,530541,206874,62600,44936
46,old,407851,342334,62608,44936
47,memo,327593,99316,62912,45248
48,old,191091,170011,62912,45248
49,memo,326461,88070,62600,44936
50,old,127688,349264,62600,44936
51,memo,238561,316025,62600,44936
52,old,143471,320812,62600,44936
53,memo,137843,237470,62600,44936
54,old,120147,346570,62600,44936
55,memo,147217,307432,62600,44936
56,old,193115,424065,62600,44936
57,memo,405687,177351,62600,44936
58,old,127137,70994,62600,44936
59,memo,109962,78946,62600,44936
60,old,192624,201767,62600,44936
61,memo,188478,76803,62600,44936
62,old,176080,81009,62600,44936
63,memo,170281,65737,62600,44936
