baseline,true,0,798296,561507,21001,72576,1453380
update-0,false,8,341003,377856,13981,58266,791106
update-1,false,8,279502,537982,25868,43925,887277
update-2,false,8,543991,500267,21131,49553,1114942
update-3,false,8,407390,367251,24426,163641,962708
update-4,false,8,482531,15712459,51676,67870,16314536
update-5,false,8,286172,564922,17736,633944,1502774
update-6,false,8,314523,307743,19119,67809,709194
update-7,false,8,416092,588898,24896,51076,1080962
update-8,false,8,1105498,1386201,21893,60238,2573830
update-9,false,8,2819542,3998729,63183,304518,7185972
update-10,false,8,436342,558202,23224,70424,1088192
update-11,false,8,412218,512374,20090,51215,995897
update-12,false,8,307653,304218,15994,36063,663928
update-13,false,8,1112849,611220,23725,55302,1803096
update-14,false,8,427149,467118,13399,45628,953294
update-15,false,8,332630,800609,11346,41612,1186197
update-16,false,8,341713,312741,10235,39318,704007
update-17,false,8,303627,331569,9784,36474,681454
update-18,false,8,474859,323296,10616,36874,845645
update-19,false,8,356225,539824,10155,36554,942758
update-20,false,8,339760,453929,10976,37776,842441
update-21,false,8,261305,306351,9364,36283,613303
update-22,false,8,263338,441580,9775,36914,751607
update-23,false,8,364487,539484,9344,37866,951181
update-24,false,8,294253,329846,7891,35322,667312
update-25,false,8,624039,577430,12278,70364,1284111
update-26,false,8,442351,552504,14912,49002,1058769
update-27,false,8,419127,678439,11327,48671,1157564
update-28,false,8,8415539,901728,24136,65346,9406749
update-29,false,8,409313,561056,12319,50364,1033052
update-30,false,8,446608,874468,22713,56854,1400643
update-31,false,8,879435,1296339,18998,57555,2252327
update-32,false,8,951111,8773441,31356,78395,9834303
update-33,false,8,460458,554276,14432,51135,1080301
update-34,false,8,417545,485545,12779,50424,966293
update-35,false,8,9802906,750125,21662,65276,10639969
update-36,false,8,673612,513597,19198,252752,1459159
update-37,false,8,776934,518584,14441,50635,1360594
update-38,false,8,436713,5857992,25668,396303,6716676
update-39,false,8,425967,976348,13761,47490,1463566
update-40,false,8,472495,531513,12809,45928,1062745
update-41,false,8,641465,468170,14150,49814,1173599
update-42,false,8,1338912,516260,3971619,102762,5929553
update-43,false,8,624169,695154,12228,140306,1471857
update-44,false,8,385218,523861,11437,46929,967445
update-45,false,8,438356,508689,10826,46929,1004800
update-46,false,8,669606,502680,13460,60839,1246585
update-47,false,8,410364,707542,11948,48311,1178165
update-48,false,8,390625,802982,15072,52027,1260706
update-49,false,8,626032,778536,9885,55341,1469794
update-50,false,8,450684,605451,12399,316806,1385340
update-51,false,8,506236,1140369,11948,49643,1708196
update-52,false,8,493887,602197,10656,85967,1192707
update-53,false,8,2612167,1049025,23094,62212,3746498
update-54,false,8,564632,1486920,16424,59838,2127814
update-55,false,8,530291,602227,15924,54380,1202822
update-56,false,8,3572922,680793,18947,55442,4328104
update-57,false,8,619612,2558148,22593,76072,3276425
update-58,false,8,3298688,659352,23785,61791,4043616
update-59,false,8,745999,13341066,37656,82791,14207512
update-60,false,8,2407836,2343561,33429,69994,4854820
update-61,false,8,2087514,621355,1689188,77323,4475380
update-62,false,8,1540289,1178054,26500,65506,2810349
update-63,false,8,5109675,705980,23204,60950,5899809
session-end,false,0,17346,3131221,20079,1247017,4415663
