baseline,true,0,2344011,1324107,129290,282013,4079421
update-0,false,8,765852,997467,80567,367610,2211496
update-1,false,8,697878,752911,98022,345261,1894072
update-2,false,8,1843701,1096475,661677,799685,4401538
update-3,false,8,320270,583450,348657,449273,1701650
update-4,false,8,289934,744867,96478,532287,1663566
update-5,false,8,182063,5012125,82591,515525,5792304
update-6,false,8,199622,446011,59225,339542,1044400
update-7,false,8,180570,676559,75203,388376,1320708
update-8,false,8,179521,395585,89417,404654,1069177
update-9,false,8,218311,400640,72161,402292,1093404
update-10,false,8,285895,465787,75166,412336,1239184
update-11,false,8,189714,492064,98958,376076,1156812
update-12,false,8,173789,574740,74852,436058,1259439
update-13,false,8,183730,427950,69426,400886,1081992
update-14,false,8,186530,388818,58883,429047,1063278
update-15,false,8,258483,689106,88618,433728,1469935
update-16,false,8,459985,519923,65117,350767,1395792
update-17,false,8,354371,845916,71740,333082,1605109
update-18,false,8,486136,431741,76321,517001,1511199
update-19,false,8,330377,551470,85741,380055,1347643
update-20,false,8,189951,560192,86637,352353,1189133
update-21,false,8,189316,387873,69307,412169,1058665
update-22,false,8,256014,431601,64064,564948,1316627
update-23,false,8,181536,499523,104726,342178,1127963
update-24,false,8,303658,774522,172152,808804,2059136
update-25,false,8,194073,599111,80549,333219,1206952
update-26,false,8,185358,528007,105691,351148,1170204
update-27,false,8,185232,582907,83407,512586,1364132
update-28,false,8,183638,533324,67409,352641,1137012
update-29,false,8,200847,535408,69582,397911,1203748
update-30,false,8,184089,650805,68806,341555,1245255
update-31,false,8,417566,947374,70126,505905,1940971
update-32,false,8,329358,1155204,83990,435361,2003913
update-33,false,8,328792,1065521,76799,445134,1916246
update-34,false,8,381255,947770,80439,753676,2163140
update-35,false,8,541121,819943,76711,411550,1849325
update-36,false,8,187944,773429,89131,346233,1396737
update-37,false,8,286673,555350,64155,340176,1246354
update-38,false,8,313437,670029,85889,342797,1412152
update-39,false,8,183596,577085,83864,406420,1250965
update-40,false,8,200658,1360595,276987,648562,2486802
update-41,false,8,334003,622825,86345,542632,1585805
update-42,false,8,188809,493337,613626,475737,1771509
update-43,false,8,509521,772453,75050,438454,1795478
update-44,false,8,199896,775926,94384,439105,1509311
update-45,false,8,227900,500872,71801,364989,1165562
update-46,false,8,306054,613416,70391,387596,1377457
update-47,false,8,310821,1687944,85035,614087,2697887
update-48,false,8,331580,476091,67176,259288,1134135
update-49,false,8,186966,298637,89968,309049,884620
update-50,false,8,181486,292201,48866,449350,971903
update-51,false,8,317840,298496,49591,319708,985635
update-52,false,8,222803,356515,39182,222590,841090
update-53,false,8,187955,306565,36573,184274,715367
update-54,false,8,330004,300107,37136,182991,850238
update-55,false,8,190072,281633,34641,180148,686494
update-56,false,8,286142,301092,41227,256548,885009
update-57,false,8,181469,295473,68562,226185,771689
update-58,false,8,186847,290773,37920,255740,771280
update-59,false,8,174339,476723,37015,182317,870394
update-60,false,8,177581,287119,74276,186411,725387
update-61,false,8,187109,296164,136002,185989,805264
update-62,false,8,189942,876768,45189,188503,1300402
update-63,false,8,238230,300080,37799,325803,901912
session-end,false,0,134316,443482,44250,473498,1095546
